matricule,username,password,CIN,nom,prenom,genre,RIB_RIP,matricule_fiscale,date_de_naissance,GSM,email,role
AD001,ahmed.ben,pass123,B123456,Ben Ahmed,Ahmed,M,RIB123456789,MF001,1980-05-15,+216-98123456,ahmed.ben@email.com,patient
AD002,sara.med,pass456,B234567,Medini,Sara,F,RIB234567890,MF002,1992-08-22,+216-97234567,sara.med@email.com,patient
AD003,dr.karim,pass789,B345678,Karim,Mohamed,M,RIB345678901,MF003,1975-03-10,+216-96345678,dr.karim@email.com,medecin
AD004,dr.leila,passabc,B456789,Leila,Ben Ali,F,RIB456789012,MF004,1982-11-28,+216-95456789,dr.leila@email.com,medecin
AD005,slim.ben,passdef,B567890,Ben Salah,Slim,M,RIB567890123,MF005,1988-07-14,+216-94567890,slim.ben@email.com,patient
AD006,mariem.ch,pass111,B678901,Chaari,Mariem,F,RIB678901234,MF006,1990-01-20,+216-93678901,mariem.ch@email.com,patient
AD007,dr.sami,pass222,B789012,Sami,Ben Saleh,M,RIB789012345,MF007,1978-09-05,+216-92789012,dr.sami@email.com,medecin
AD008,nadia.bh,pass333,B890123,Ben Hadj,Nadia,F,RIB890123456,MF008,1985-12-30,+216-91890123,nadia.bh@email.com,patient
AD009,dr.amine,pass444,B901234,Amine,Trabelsi,M,RIB901234567,MF009,1973-06-15,+216-90901234,dr.amine@email.com,medecin
AD010,yasmine.z,pass555,B012345,Zouari,Yasmine,F,RIB012345678,MF010,1995-03-25,+216-98012345,yasmine.z@email.com,patient
AD011,dr.mehdi,pass666,C123456,Mehdi,Gharbi,M,RIB123456780,MF011,1977-08-12,+216-97123456,dr.mehdi@email.com,medecin
AD012,sofia.m,pass777,C234567,Mansouri,Sofia,F,RIB234567801,MF012,1993-11-08,+216-96234567,sofia.m@email.com,patient
AD013,kamel.b,pass888,C345678,Ben Amor,Kamel,M,RIB345678012,MF013,1987-04-17,+216-95345678,kamel.b@email.com,patient
AD014,dr.rania,pass999,C456789,Rania,Mejri,F,RIB456780123,MF014,1980-02-28,+216-94456789,dr.rania@email.com,medecin
AD015,hedi.t,passaaa,C567890,Tounsi,Hedi,M,RIB567801234,MF015,1991-07-19,+216-93567890,hedi.t@email.com,patient
AD016,dr.olfa,passbbb,C678901,Olfa,Ben Youssef,F,RIB678012345,MF016,1976-10-23,+216-92678901,dr.olfa@email.com,medecin
AD017,ines.h,passccc,C789012,Hamdi,Ines,F,RIB789123456,MF017,1994-05-11,+216-91789012,ines.h@email.com,patient
AD018,dr.wassim,passdddd,C890123,Wassim,Bouslimi,M,RIB890123457,MF018,1974-12-07,+216-90890123,dr.wassim@email.com,medecin
AD019,asma.g,passeee,C901234,Guermazi,Asma,F,RIB901234568,MF019,1989-09-14,+216-98901234,asma.g@email.com,patient
AD020,dr.yassine,passffff,C012345,Yassine,Ben Ammar,M,RIB012345679,MF020,1979-03-31,+216-97012345,dr.yassine@email.com,medecin
AD021,linda.m,passgggg,D123456,Maalej,Linda,F,RIB123456781,MF021,1996-06-26,+216-96123456,linda.m@email.com,patient
AD022,dr.hatem,passhhhh,D234567,Hatem,Belhadj,M,RIB234567802,MF022,1972-11-13,+216-95234567,dr.hatem@email.com,medecin
AD023,rim.z,passiii,D345678,Zaafouri,Rim,F,RIB345678013,MF023,1990-08-21,+216-94345678,rim.z@email.com,patient
AD024,dr.nizar,passjjj,D456789,Nizar,Masmoudi,M,RIB456780124,MF024,1975-01-09,+216-93456789,dr.nizar@email.com,medecin
AD025,sarra.b,passkkk,D567890,Ben Jemaa,Sarra,F,RIB567801235,MF025,1993-04-28,+216-92567890,sarra.b@email.com,patient
AD026,dr.hela,passlll,D678901,Hela,Kammoun,F,RIB678012346,MF026,1978-07-16,+216-91678901,dr.hela@email.com,medecin
AD027,anis.c,passmm,D789012,Chebbi,Anis,M,RIB789123457,MF027,1986-10-03,+216-90789012,anis.c@email.com,patient
AD028,dr.slim,passnn,D890123,Slim,Ben Othman,M,RIB890123458,MF028,1971-05-22,+216-98890123,dr.slim@email.com,medecin
AD029,emna.k,passoo,D901234,Kallel,Emna,F,RIB901234569,MF029,1994-12-19,+216-97901234,emna.k@email.com,patient
AD030,dr.souhail,passpp,D012345,Souhail,Ben Slimane,M,RIB012345670,MF030,1977-02-08,+216-96012345,dr.souhail@email.com,medecin
AD031,houda.m,passqqq,E123456,Mrad,Houda,F,RIB123456782,MF031,1989-03-15,+216-95123456,houda.m@email.com,patient
AD032,dr.fares,passrrr,E234567,Fares,Ben Sassi,M,RIB234567803,MF032,1976-08-24,+216-94234567,dr.fares@email.com,medecin
AD033,sirine.b,passsss,E345678,Ben Brahim,Sirine,F,RIB345678014,MF033,1993-11-30,+216-93345678,sirine.b@email.com,patient
AD034,dr.tarek,passttt,E456789,Tarek,Bouazizi,M,RIB456780125,MF034,1974-04-17,+216-92456789,dr.tarek@email.com,medecin
AD035,meriem.j,passuuu,E567890,Jebali,Meriem,F,RIB567801236,MF035,1991-09-08,+216-91567890,meriem.j@email.com,patient
AD036,dr.chaker,passvvv,E678901,Chaker,Ben Hassine,M,RIB678012347,MF036,1977-12-21,+216-90678901,dr.chaker@email.com,medecin
AD037,lamia.r,passwww,E789012,Riahi,Lamia,F,RIB789123458,MF037,1995-05-03,+216-98789012,lamia.r@email.com,patient
AD038,dr.mourad,passxxx,E890123,Mourad,Ben Romdhane,M,RIB890123459,MF038,1973-10-14,+216-97890123,dr.mourad@email.com,medecin
AD039,wafa.h,passyyy,E901234,Hammami,Wafa,F,RIB901234570,MF039,1988-01-25,+216-96901234,wafa.h@email.com,patient
AD040,dr.jalel,passzzz,E012345,Jalel,Ben Ameur,M,RIB012345671,MF040,1975-06-07,+216-95012345,dr.jalel@email.com,medecin
AD041,amira.s,pass1111,F123456,Sfar,Amira,F,RIB123456783,MF041,1992-11-18,+216-94123456,amira.s@email.com,patient
AD042,dr.hichem,pass2222,F234567,Hichem,Ben Naceur,M,RIB234567804,MF042,1978-04-29,+216-93234567,dr.hichem@email.com,medecin
AD043,rihab.m,pass3333,F345678,Mezri,Rihab,F,RIB345678015,MF043,1990-07-12,+216-92345678,rihab.m@email.com,patient
AD044,dr.sofiene,pass4444,F456789,Sofiene,Ben Salah,M,RIB456780126,MF044,1976-02-23,+216-91456789,dr.sofiene@email.com,medecin
AD045,imen.b,pass5555,F567890,Ben Mahmoud,Imen,F,RIB567801237,MF045,1994-09-04,+216-90567890,imen.b@email.com,patient
AD046,dr.ramzi,pass6666,F678901,Ramzi,Ben Fredj,M,RIB678012348,MF046,1979-12-15,+216-98678901,dr.ramzi@email.com,medecin
AD047,manel.t,pass7777,F789012,Toumi,Manel,F,RIB789123459,MF047,1987-05-26,+216-97789012,manel.t@email.com,patient
AD048,dr.bassem,pass8888,F890123,Bassem,Ben Abdallah,M,RIB890123460,MF048,1974-08-07,+216-96890123,dr.bassem@email.com,medecin
AD049,nour.k,pass9999,F901234,Khemiri,Nour,F,RIB901234571,MF049,1996-01-19,+216-95901234,nour.k@email.com,patient
AD050,dr.maher,pass0000,F012345,Maher,Ben Jemaa,M,RIB012345672,MF050,1977-06-30,+216-94012345,dr.maher@email.com,medecin 